file_name,Pred
mesa-sleep-0002_19,0
mesa-sleep-0002_20,0
mesa-sleep-0002_21,0
mesa-sleep-0002_22,0
mesa-sleep-0002_23,0
mesa-sleep-0002_24,0
mesa-sleep-0002_25,0
mesa-sleep-0002_26,0
mesa-sleep-0002_27,0
mesa-sleep-0002_28,0
mesa-sleep-0002_29,0
mesa-sleep-0002_30,0
mesa-sleep-0002_31,0
mesa-sleep-0002_32,0
mesa-sleep-0002_33,0
mesa-sleep-0002_34,0
mesa-sleep-0002_35,0
mesa-sleep-0002_36,0
mesa-sleep-0002_37,0
mesa-sleep-0002_38,0
mesa-sleep-0002_39,0
mesa-sleep-0002_40,0
mesa-sleep-0002_41,0
mesa-sleep-0002_42,0
mesa-sleep-0002_43,0
mesa-sleep-0002_44,0
mesa-sleep-0002_45,0
mesa-sleep-0002_46,0
mesa-sleep-0002_47,0
mesa-sleep-0002_48,0
mesa-sleep-0002_49,0
mesa-sleep-0002_50,0
mesa-sleep-0002_51,0
mesa-sleep-0002_52,0
mesa-sleep-0002_55,0
mesa-sleep-0002_56,0
mesa-sleep-0002_57,0
mesa-sleep-0002_58,0
mesa-sleep-0002_59,0
mesa-sleep-0002_60,0
mesa-sleep-0002_61,0
mesa-sleep-0002_62,0
mesa-sleep-0002_63,0
mesa-sleep-0002_64,0
mesa-sleep-0002_65,0
mesa-sleep-0002_66,0
mesa-sleep-0002_67,0
mesa-sleep-0002_68,0
mesa-sleep-0002_69,0
mesa-sleep-0002_70,0
mesa-sleep-0002_71,0
mesa-sleep-0002_72,0
mesa-sleep-0002_73,0
mesa-sleep-0002_74,0
mesa-sleep-0002_75,0
mesa-sleep-0002_76,0
mesa-sleep-0002_77,0
mesa-sleep-0002_78,0
mesa-sleep-0002_79,0
mesa-sleep-0002_80,0
mesa-sleep-0002_81,0
mesa-sleep-0002_82,0
mesa-sleep-0002_83,0
mesa-sleep-0002_84,0
mesa-sleep-0002_85,0
mesa-sleep-0002_86,0
mesa-sleep-0002_87,0
mesa-sleep-0002_88,0
mesa-sleep-0002_89,0
mesa-sleep-0002_90,0
mesa-sleep-0002_91,0
mesa-sleep-0002_92,0
mesa-sleep-0002_93,0
mesa-sleep-0002_94,0
mesa-sleep-0002_95,0
mesa-sleep-0002_98,0
mesa-sleep-0002_99,0
mesa-sleep-0002_100,0
mesa-sleep-0002_101,0
mesa-sleep-0002_102,0
mesa-sleep-0002_103,0
mesa-sleep-0002_104,0
mesa-sleep-0002_105,0
mesa-sleep-0002_106,0
mesa-sleep-0002_107,0
mesa-sleep-0002_108,0
mesa-sleep-0002_109,0
mesa-sleep-0002_110,0
mesa-sleep-0002_111,0
mesa-sleep-0002_112,0
mesa-sleep-0002_113,0
mesa-sleep-0002_114,0
mesa-sleep-0002_115,0
mesa-sleep-0002_116,0
mesa-sleep-0002_117,0
mesa-sleep-0002_118,0
mesa-sleep-0002_119,0
mesa-sleep-0002_120,0
mesa-sleep-0002_121,0
mesa-sleep-0002_122,0
mesa-sleep-0002_138,0
mesa-sleep-0002_139,0
mesa-sleep-0002_140,0
mesa-sleep-0002_141,0
mesa-sleep-0002_142,0
mesa-sleep-0002_143,0
mesa-sleep-0002_144,0
mesa-sleep-0002_145,0
mesa-sleep-0002_146,0
mesa-sleep-0002_147,0
mesa-sleep-0002_148,0
mesa-sleep-0002_149,0
mesa-sleep-0002_150,0
mesa-sleep-0002_151,0
mesa-sleep-0002_152,0
mesa-sleep-0002_160,0
mesa-sleep-0002_161,0
mesa-sleep-0002_162,0
mesa-sleep-0002_163,0
mesa-sleep-0002_164,0
mesa-sleep-0002_165,0
mesa-sleep-0002_166,0
mesa-sleep-0002_167,0
mesa-sleep-0002_168,0
mesa-sleep-0002_169,0
mesa-sleep-0002_170,0
mesa-sleep-0002_171,0
mesa-sleep-0002_172,0
mesa-sleep-0002_173,0
mesa-sleep-0002_174,0
mesa-sleep-0002_175,0
mesa-sleep-0002_176,0
mesa-sleep-0002_177,0
mesa-sleep-0002_178,0
mesa-sleep-0002_179,0
mesa-sleep-0002_180,1
mesa-sleep-0002_181,1
mesa-sleep-0002_182,1
mesa-sleep-0002_183,1
mesa-sleep-0002_184,1
mesa-sleep-0002_185,1
mesa-sleep-0002_186,1
mesa-sleep-0002_187,1
mesa-sleep-0002_188,1
mesa-sleep-0002_189,1
mesa-sleep-0002_190,1
mesa-sleep-0002_191,1
mesa-sleep-0002_192,1
mesa-sleep-0002_193,1
mesa-sleep-0002_194,1
mesa-sleep-0002_195,1
mesa-sleep-0002_196,1
mesa-sleep-0002_197,1
mesa-sleep-0002_198,1
mesa-sleep-0002_199,1
mesa-sleep-0002_200,1
mesa-sleep-0002_201,1
mesa-sleep-0002_202,1
mesa-sleep-0002_203,1
mesa-sleep-0002_204,1
mesa-sleep-0002_205,1
mesa-sleep-0002_206,1
mesa-sleep-0002_207,1
mesa-sleep-0002_208,1
mesa-sleep-0002_209,1
mesa-sleep-0002_210,1
mesa-sleep-0002_211,1
mesa-sleep-0002_212,1
mesa-sleep-0002_213,1
mesa-sleep-0002_214,1
mesa-sleep-0002_215,1
mesa-sleep-0002_216,1
mesa-sleep-0002_217,1
mesa-sleep-0002_218,1
mesa-sleep-0002_219,1
mesa-sleep-0002_220,2
mesa-sleep-0002_221,2
mesa-sleep-0002_222,2
mesa-sleep-0002_223,2
mesa-sleep-0002_224,1
mesa-sleep-0002_225,1
mesa-sleep-0002_226,1
mesa-sleep-0002_227,1
mesa-sleep-0002_228,1
mesa-sleep-0002_229,1
mesa-sleep-0002_230,1
mesa-sleep-0002_231,1
mesa-sleep-0002_232,1
mesa-sleep-0002_233,1
mesa-sleep-0002_234,1
mesa-sleep-0002_235,1
mesa-sleep-0002_236,2
mesa-sleep-0002_237,2
mesa-sleep-0002_238,2
mesa-sleep-0002_239,2
mesa-sleep-0002_240,2
mesa-sleep-0002_241,2
mesa-sleep-0002_242,2
mesa-sleep-0002_243,2
mesa-sleep-0002_244,2
mesa-sleep-0002_245,2
mesa-sleep-0002_246,2
mesa-sleep-0002_247,2
mesa-sleep-0002_248,2
mesa-sleep-0002_249,2
mesa-sleep-0002_250,2
mesa-sleep-0002_251,2
mesa-sleep-0002_252,2
mesa-sleep-0002_253,2
mesa-sleep-0002_254,2
mesa-sleep-0002_255,2
mesa-sleep-0002_256,2
mesa-sleep-0002_257,2
mesa-sleep-0002_258,2
mesa-sleep-0002_259,2
mesa-sleep-0002_260,2
mesa-sleep-0002_261,2
mesa-sleep-0002_262,2
mesa-sleep-0002_263,2
mesa-sleep-0002_264,2
mesa-sleep-0002_265,2
mesa-sleep-0002_266,2
mesa-sleep-0002_267,2
mesa-sleep-0002_268,2
mesa-sleep-0002_269,2
mesa-sleep-0002_270,2
mesa-sleep-0002_271,2
mesa-sleep-0002_272,1
mesa-sleep-0002_273,1
mesa-sleep-0002_274,1
mesa-sleep-0002_275,1
mesa-sleep-0002_276,1
mesa-sleep-0002_277,1
mesa-sleep-0002_278,1
mesa-sleep-0002_279,1
mesa-sleep-0002_280,1
mesa-sleep-0002_281,1
mesa-sleep-0002_282,1
mesa-sleep-0002_283,1
mesa-sleep-0002_284,1
mesa-sleep-0002_285,1
mesa-sleep-0002_286,3
mesa-sleep-0002_287,3
mesa-sleep-0002_288,3
mesa-sleep-0002_289,3
mesa-sleep-0002_290,3
mesa-sleep-0002_291,3
mesa-sleep-0002_292,3
mesa-sleep-0002_293,3
mesa-sleep-0002_294,3
mesa-sleep-0002_295,3
mesa-sleep-0002_296,3
mesa-sleep-0002_297,3
mesa-sleep-0002_298,3
mesa-sleep-0002_299,3
mesa-sleep-0002_300,3
mesa-sleep-0002_301,3
mesa-sleep-0002_302,3
mesa-sleep-0002_303,3
mesa-sleep-0002_304,3
mesa-sleep-0002_305,3
mesa-sleep-0002_306,3
mesa-sleep-0002_307,3
mesa-sleep-0002_308,3
mesa-sleep-0002_309,3
mesa-sleep-0002_310,3
mesa-sleep-0002_311,3
mesa-sleep-0002_312,3
mesa-sleep-0002_313,3
mesa-sleep-0002_314,3
mesa-sleep-0002_315,3
mesa-sleep-0002_316,3
mesa-sleep-0002_317,3
mesa-sleep-0002_318,3
mesa-sleep-0002_319,3
mesa-sleep-0002_320,3
mesa-sleep-0002_321,3
mesa-sleep-0002_322,3
mesa-sleep-0002_323,3
mesa-sleep-0002_324,1
mesa-sleep-0002_325,1
mesa-sleep-0002_326,1
mesa-sleep-0002_327,1
mesa-sleep-0002_328,1
mesa-sleep-0002_329,1
mesa-sleep-0002_330,1
mesa-sleep-0002_331,1
mesa-sleep-0002_332,1
mesa-sleep-0002_333,1
mesa-sleep-0002_334,1
mesa-sleep-0002_335,1
mesa-sleep-0002_336,1
mesa-sleep-0002_337,1
mesa-sleep-0002_338,1
mesa-sleep-0002_339,1
mesa-sleep-0002_340,1
mesa-sleep-0002_341,1
mesa-sleep-0002_342,1
mesa-sleep-0002_343,1
mesa-sleep-0002_344,1
mesa-sleep-0002_345,1
mesa-sleep-0002_346,1
mesa-sleep-0002_347,1
mesa-sleep-0002_348,1
mesa-sleep-0002_349,1
mesa-sleep-0002_350,1
mesa-sleep-0002_351,1
mesa-sleep-0002_352,1
mesa-sleep-0002_353,1
mesa-sleep-0002_354,1
mesa-sleep-0002_355,1
mesa-sleep-0002_356,1
mesa-sleep-0002_357,1
mesa-sleep-0002_358,1
mesa-sleep-0002_359,1
mesa-sleep-0002_360,1
mesa-sleep-0002_361,1
mesa-sleep-0002_362,1
mesa-sleep-0002_363,1
mesa-sleep-0002_364,1
mesa-sleep-0002_365,1
mesa-sleep-0002_376,1
mesa-sleep-0002_377,1
mesa-sleep-0002_378,1
mesa-sleep-0002_379,1
mesa-sleep-0002_380,1
mesa-sleep-0002_381,1
mesa-sleep-0002_382,1
mesa-sleep-0002_383,1
mesa-sleep-0002_384,1
mesa-sleep-0002_385,1
mesa-sleep-0002_386,1
mesa-sleep-0002_387,2
mesa-sleep-0002_388,2
mesa-sleep-0002_389,2
mesa-sleep-0002_390,2
mesa-sleep-0002_391,2
mesa-sleep-0002_392,1
mesa-sleep-0002_393,1
mesa-sleep-0002_394,1
mesa-sleep-0002_395,1
mesa-sleep-0002_396,1
mesa-sleep-0002_397,1
mesa-sleep-0002_398,1
mesa-sleep-0002_399,1
mesa-sleep-0002_400,1
mesa-sleep-0002_401,1
mesa-sleep-0002_402,1
mesa-sleep-0002_403,1
mesa-sleep-0002_404,1
mesa-sleep-0002_405,1
mesa-sleep-0002_406,1
mesa-sleep-0002_407,1
mesa-sleep-0002_408,1
mesa-sleep-0002_409,1
mesa-sleep-0002_410,1
mesa-sleep-0002_411,1
mesa-sleep-0002_412,1
mesa-sleep-0002_413,1
mesa-sleep-0002_414,2
mesa-sleep-0002_415,2
mesa-sleep-0002_416,2
mesa-sleep-0002_417,2
mesa-sleep-0002_418,2
mesa-sleep-0002_419,2
mesa-sleep-0002_420,2
mesa-sleep-0002_421,2
mesa-sleep-0002_422,2
mesa-sleep-0002_423,2
mesa-sleep-0002_424,2
mesa-sleep-0002_425,2
mesa-sleep-0002_426,2
mesa-sleep-0002_427,2
mesa-sleep-0002_428,2
mesa-sleep-0002_429,2
mesa-sleep-0002_430,2
mesa-sleep-0002_431,2
mesa-sleep-0002_432,2
mesa-sleep-0002_433,2
mesa-sleep-0002_434,1
mesa-sleep-0002_435,1
mesa-sleep-0002_436,0
mesa-sleep-0002_437,1
mesa-sleep-0002_438,1
mesa-sleep-0002_439,1
mesa-sleep-0002_440,1
mesa-sleep-0002_441,1
mesa-sleep-0002_442,1
mesa-sleep-0002_443,1
mesa-sleep-0002_444,1
mesa-sleep-0002_445,1
mesa-sleep-0002_446,1
mesa-sleep-0002_447,1
mesa-sleep-0002_448,1
mesa-sleep-0002_449,1
mesa-sleep-0002_450,1
mesa-sleep-0002_451,1
mesa-sleep-0002_452,1
mesa-sleep-0002_453,1
mesa-sleep-0002_454,1
mesa-sleep-0002_455,1
mesa-sleep-0002_456,1
mesa-sleep-0002_457,1
mesa-sleep-0002_458,1
mesa-sleep-0002_459,1
mesa-sleep-0002_460,1
mesa-sleep-0002_461,1
mesa-sleep-0002_462,1
mesa-sleep-0002_463,1
mesa-sleep-0002_464,1
mesa-sleep-0002_465,0
mesa-sleep-0002_466,0
mesa-sleep-0002_467,1
mesa-sleep-0002_468,1
mesa-sleep-0002_469,1
mesa-sleep-0002_470,1
mesa-sleep-0002_471,1
mesa-sleep-0002_472,1
mesa-sleep-0002_473,1
mesa-sleep-0002_474,1
mesa-sleep-0002_475,1
mesa-sleep-0002_476,1
mesa-sleep-0002_477,1
mesa-sleep-0002_478,1
mesa-sleep-0002_479,1
mesa-sleep-0002_480,1
mesa-sleep-0002_481,1
mesa-sleep-0002_482,1
mesa-sleep-0002_483,1
mesa-sleep-0002_484,1
mesa-sleep-0002_485,1
mesa-sleep-0002_486,1
mesa-sleep-0002_487,1
mesa-sleep-0002_488,1
mesa-sleep-0002_489,1
mesa-sleep-0002_490,1
mesa-sleep-0002_491,1
mesa-sleep-0002_492,1
mesa-sleep-0002_493,1
mesa-sleep-0002_494,1
mesa-sleep-0002_495,2
mesa-sleep-0002_496,2
mesa-sleep-0002_497,2
mesa-sleep-0002_498,2
mesa-sleep-0002_499,2
mesa-sleep-0002_500,1
mesa-sleep-0002_501,0
mesa-sleep-0002_502,0
mesa-sleep-0002_503,1
mesa-sleep-0002_504,1
mesa-sleep-0002_505,1
mesa-sleep-0002_506,1
mesa-sleep-0002_507,1
mesa-sleep-0002_508,1
mesa-sleep-0002_509,1
mesa-sleep-0002_510,0
mesa-sleep-0002_511,0
mesa-sleep-0002_512,0
mesa-sleep-0002_513,0
mesa-sleep-0002_514,0
mesa-sleep-0002_515,0
mesa-sleep-0002_516,0
mesa-sleep-0002_517,0
mesa-sleep-0002_518,0
mesa-sleep-0002_519,1
mesa-sleep-0002_520,1
mesa-sleep-0002_521,1
mesa-sleep-0002_522,1
mesa-sleep-0002_523,1
mesa-sleep-0002_524,1
mesa-sleep-0002_525,1
mesa-sleep-0002_526,1
mesa-sleep-0002_527,1
mesa-sleep-0002_528,1
mesa-sleep-0002_529,1
mesa-sleep-0002_530,0
mesa-sleep-0002_531,0
mesa-sleep-0002_532,0
mesa-sleep-0002_533,0
mesa-sleep-0002_534,0
mesa-sleep-0002_535,0
mesa-sleep-0002_536,0
mesa-sleep-0002_537,0
mesa-sleep-0002_538,0
mesa-sleep-0002_539,0
mesa-sleep-0002_540,0
mesa-sleep-0002_541,0
mesa-sleep-0002_542,0
mesa-sleep-0002_543,0
mesa-sleep-0002_544,0
mesa-sleep-0002_545,0
mesa-sleep-0002_546,1
mesa-sleep-0002_547,1
mesa-sleep-0002_548,1
mesa-sleep-0002_549,1
mesa-sleep-0002_550,1
mesa-sleep-0002_551,1
mesa-sleep-0002_552,1
mesa-sleep-0002_553,1
mesa-sleep-0002_554,1
mesa-sleep-0002_555,1
mesa-sleep-0002_556,1
mesa-sleep-0002_557,1
mesa-sleep-0002_558,1
mesa-sleep-0002_559,1
mesa-sleep-0002_560,1
mesa-sleep-0002_561,1
mesa-sleep-0002_562,1
mesa-sleep-0002_563,1
mesa-sleep-0002_564,1
mesa-sleep-0002_565,1
mesa-sleep-0002_566,1
mesa-sleep-0002_567,1
mesa-sleep-0002_568,1
mesa-sleep-0002_569,1
mesa-sleep-0002_570,1
mesa-sleep-0002_571,1
mesa-sleep-0002_572,1
mesa-sleep-0002_573,0
mesa-sleep-0002_574,0
mesa-sleep-0002_575,1
mesa-sleep-0002_576,1
mesa-sleep-0002_577,1
mesa-sleep-0002_578,1
mesa-sleep-0002_579,1
mesa-sleep-0002_580,1
mesa-sleep-0002_581,0
mesa-sleep-0002_582,0
mesa-sleep-0002_583,0
mesa-sleep-0002_584,1
mesa-sleep-0002_585,1
mesa-sleep-0002_586,1
mesa-sleep-0002_587,1
mesa-sleep-0002_588,1
mesa-sleep-0002_589,1
mesa-sleep-0002_590,1
mesa-sleep-0002_591,1
mesa-sleep-0002_592,1
mesa-sleep-0002_593,1
mesa-sleep-0002_594,1
mesa-sleep-0002_595,1
mesa-sleep-0002_596,1
mesa-sleep-0002_597,1
mesa-sleep-0002_598,1
mesa-sleep-0002_599,1
mesa-sleep-0002_600,1
mesa-sleep-0002_601,1
mesa-sleep-0002_602,1
mesa-sleep-0002_603,1
mesa-sleep-0002_604,1
mesa-sleep-0002_605,1
mesa-sleep-0002_606,1
mesa-sleep-0002_607,1
mesa-sleep-0002_608,1
mesa-sleep-0002_609,1
mesa-sleep-0002_610,1
mesa-sleep-0002_611,1
mesa-sleep-0002_612,1
mesa-sleep-0002_613,1
mesa-sleep-0002_614,1
mesa-sleep-0002_615,1
mesa-sleep-0002_616,1
mesa-sleep-0002_617,1
mesa-sleep-0002_618,1
mesa-sleep-0002_619,1
mesa-sleep-0002_620,1
mesa-sleep-0002_621,1
mesa-sleep-0002_622,1
mesa-sleep-0002_623,1
mesa-sleep-0002_624,1
mesa-sleep-0002_625,1
mesa-sleep-0002_626,1
mesa-sleep-0002_627,1
mesa-sleep-0002_628,1
mesa-sleep-0002_629,1
mesa-sleep-0002_630,1
mesa-sleep-0002_631,1
mesa-sleep-0002_632,1
mesa-sleep-0002_633,1
mesa-sleep-0002_634,1
mesa-sleep-0002_635,1
mesa-sleep-0002_636,1
mesa-sleep-0002_637,1
mesa-sleep-0002_638,0
mesa-sleep-0002_639,0
mesa-sleep-0002_640,0
mesa-sleep-0002_641,0
mesa-sleep-0002_642,0
mesa-sleep-0002_643,0
mesa-sleep-0002_644,0
mesa-sleep-0002_645,0
mesa-sleep-0002_646,0
mesa-sleep-0002_647,3
mesa-sleep-0002_648,3
mesa-sleep-0002_649,3
mesa-sleep-0002_650,3
mesa-sleep-0002_651,3
mesa-sleep-0002_652,0
mesa-sleep-0002_653,0
mesa-sleep-0002_654,0
mesa-sleep-0002_655,0
mesa-sleep-0002_656,0
mesa-sleep-0002_657,0
mesa-sleep-0002_658,0
mesa-sleep-0002_659,0
mesa-sleep-0002_660,0
mesa-sleep-0002_661,0
mesa-sleep-0002_662,0
mesa-sleep-0002_663,0
mesa-sleep-0002_664,0
mesa-sleep-0002_665,0
mesa-sleep-0002_666,0
mesa-sleep-0002_667,0
mesa-sleep-0002_668,0
mesa-sleep-0002_669,0
mesa-sleep-0002_670,0
mesa-sleep-0002_671,0
mesa-sleep-0002_672,0
mesa-sleep-0002_673,0
mesa-sleep-0002_674,0
mesa-sleep-0002_675,0
mesa-sleep-0002_676,0
mesa-sleep-0002_677,0
mesa-sleep-0002_678,0
mesa-sleep-0002_679,0
mesa-sleep-0002_680,0
mesa-sleep-0002_681,0
mesa-sleep-0002_682,0
mesa-sleep-0002_683,0
mesa-sleep-0002_684,0
mesa-sleep-0002_685,0
mesa-sleep-0002_686,0
mesa-sleep-0002_687,0
mesa-sleep-0002_688,0
mesa-sleep-0002_689,0
mesa-sleep-0002_690,0
mesa-sleep-0002_691,0
mesa-sleep-0002_692,0
mesa-sleep-0002_693,0
mesa-sleep-0002_694,0
mesa-sleep-0002_695,0
mesa-sleep-0002_696,1
mesa-sleep-0002_697,1
mesa-sleep-0002_698,1
mesa-sleep-0002_699,1
mesa-sleep-0002_700,1
mesa-sleep-0002_701,1
mesa-sleep-0002_702,1
mesa-sleep-0002_703,1
mesa-sleep-0002_704,0
mesa-sleep-0002_705,0
mesa-sleep-0002_706,1
mesa-sleep-0002_707,1
mesa-sleep-0002_708,1
mesa-sleep-0002_709,1
mesa-sleep-0002_710,1
mesa-sleep-0002_711,1
mesa-sleep-0002_712,1
mesa-sleep-0002_713,1
mesa-sleep-0002_714,1
mesa-sleep-0002_715,1
mesa-sleep-0002_716,1
mesa-sleep-0002_717,1
mesa-sleep-0002_718,1
mesa-sleep-0002_719,1
mesa-sleep-0002_720,1
mesa-sleep-0002_721,1
mesa-sleep-0002_722,1
mesa-sleep-0002_723,1
mesa-sleep-0002_724,1
mesa-sleep-0002_725,1
mesa-sleep-0002_726,1
mesa-sleep-0002_727,1
mesa-sleep-0002_728,1
mesa-sleep-0002_729,1
mesa-sleep-0002_730,1
mesa-sleep-0002_731,1
mesa-sleep-0002_732,1
mesa-sleep-0002_733,1
mesa-sleep-0002_734,0
mesa-sleep-0002_735,0
mesa-sleep-0002_736,0
mesa-sleep-0002_737,0
mesa-sleep-0002_738,0
mesa-sleep-0002_739,0
mesa-sleep-0002_740,0
mesa-sleep-0002_741,1
mesa-sleep-0002_742,1
mesa-sleep-0002_743,1
mesa-sleep-0002_744,1
mesa-sleep-0002_745,1
mesa-sleep-0002_746,1
mesa-sleep-0002_747,1
mesa-sleep-0002_748,1
mesa-sleep-0002_749,1
mesa-sleep-0002_750,1
mesa-sleep-0002_751,1
mesa-sleep-0002_752,1
mesa-sleep-0002_753,1
mesa-sleep-0002_754,1
mesa-sleep-0002_755,1
mesa-sleep-0002_756,1
mesa-sleep-0002_757,1
mesa-sleep-0002_758,1
mesa-sleep-0002_759,1
mesa-sleep-0002_760,1
mesa-sleep-0002_761,1
mesa-sleep-0002_762,1
mesa-sleep-0002_763,1
mesa-sleep-0002_764,1
mesa-sleep-0002_765,1
mesa-sleep-0002_766,1
mesa-sleep-0002_767,1
mesa-sleep-0002_768,1
mesa-sleep-0002_769,1
mesa-sleep-0002_770,1
mesa-sleep-0002_771,1
mesa-sleep-0002_772,1
mesa-sleep-0002_773,1
mesa-sleep-0002_774,1
mesa-sleep-0002_775,1
mesa-sleep-0002_776,1
mesa-sleep-0002_777,1
mesa-sleep-0002_778,1
mesa-sleep-0002_779,1
mesa-sleep-0002_780,1
mesa-sleep-0002_781,1
mesa-sleep-0002_782,1
mesa-sleep-0002_783,1
mesa-sleep-0002_784,1
mesa-sleep-0002_785,1
mesa-sleep-0002_786,1
mesa-sleep-0002_787,1
mesa-sleep-0002_788,1
mesa-sleep-0002_789,1
mesa-sleep-0002_790,1
mesa-sleep-0002_791,1
mesa-sleep-0002_792,1
mesa-sleep-0002_793,1
mesa-sleep-0002_794,1
mesa-sleep-0002_795,1
mesa-sleep-0002_796,1
mesa-sleep-0002_797,1
mesa-sleep-0002_798,1
mesa-sleep-0002_799,1
mesa-sleep-0002_811,1
mesa-sleep-0002_812,1
mesa-sleep-0002_813,1
mesa-sleep-0002_814,0
mesa-sleep-0002_815,0
mesa-sleep-0002_816,0
mesa-sleep-0002_817,0
mesa-sleep-0002_818,0
mesa-sleep-0002_819,0
mesa-sleep-0002_820,0
mesa-sleep-0002_821,0
mesa-sleep-0002_822,0
mesa-sleep-0002_823,0
mesa-sleep-0002_824,0
mesa-sleep-0002_825,0
mesa-sleep-0002_826,0
mesa-sleep-0002_827,0
mesa-sleep-0002_828,0
mesa-sleep-0002_829,0
mesa-sleep-0002_830,0
mesa-sleep-0002_831,0
mesa-sleep-0002_832,0
mesa-sleep-0002_833,0
mesa-sleep-0002_834,0
mesa-sleep-0002_835,0
mesa-sleep-0002_836,0
mesa-sleep-0002_837,0
mesa-sleep-0002_838,1
mesa-sleep-0002_839,1
mesa-sleep-0002_840,1
mesa-sleep-0002_841,1
mesa-sleep-0002_842,1
mesa-sleep-0002_843,1
mesa-sleep-0002_844,1
mesa-sleep-0002_845,1
mesa-sleep-0002_846,1
mesa-sleep-0002_847,1
mesa-sleep-0002_848,1
mesa-sleep-0002_849,1
mesa-sleep-0002_850,1
mesa-sleep-0002_851,1
mesa-sleep-0002_852,1
mesa-sleep-0002_853,1
mesa-sleep-0002_854,1
mesa-sleep-0002_855,1
mesa-sleep-0002_856,1
mesa-sleep-0002_857,1
mesa-sleep-0002_858,1
mesa-sleep-0002_859,1
mesa-sleep-0002_860,1
mesa-sleep-0002_861,1
mesa-sleep-0002_862,1
mesa-sleep-0002_863,1
mesa-sleep-0002_864,1
mesa-sleep-0002_865,1
mesa-sleep-0002_866,1
mesa-sleep-0002_867,1
mesa-sleep-0002_868,1
mesa-sleep-0002_869,1
mesa-sleep-0002_870,1
mesa-sleep-0002_871,1
mesa-sleep-0002_872,1
mesa-sleep-0002_873,1
mesa-sleep-0002_874,1
mesa-sleep-0002_875,1
mesa-sleep-0002_876,1
mesa-sleep-0002_877,1
mesa-sleep-0002_878,1
mesa-sleep-0002_879,1
mesa-sleep-0002_880,1
mesa-sleep-0002_881,1
mesa-sleep-0002_882,1
mesa-sleep-0002_883,1
mesa-sleep-0002_884,1
mesa-sleep-0002_885,1
mesa-sleep-0002_886,1
mesa-sleep-0002_887,1
mesa-sleep-0002_888,1
mesa-sleep-0002_889,1
mesa-sleep-0002_890,1
mesa-sleep-0002_891,1
mesa-sleep-0002_892,1
mesa-sleep-0002_893,1
mesa-sleep-0002_894,1
mesa-sleep-0002_895,1
mesa-sleep-0002_896,1
mesa-sleep-0002_897,1
mesa-sleep-0002_898,1
mesa-sleep-0002_899,1
mesa-sleep-0002_900,1
mesa-sleep-0002_901,1
mesa-sleep-0002_902,1
mesa-sleep-0002_903,1
mesa-sleep-0002_904,1
mesa-sleep-0002_905,1
mesa-sleep-0002_906,1
mesa-sleep-0002_907,1
mesa-sleep-0002_908,1
mesa-sleep-0002_909,0
mesa-sleep-0002_910,1
mesa-sleep-0002_911,1
mesa-sleep-0002_912,1
mesa-sleep-0002_913,1
mesa-sleep-0002_914,1
mesa-sleep-0002_915,1
mesa-sleep-0002_916,1
mesa-sleep-0002_917,1
mesa-sleep-0002_918,1
mesa-sleep-0002_919,1
mesa-sleep-0002_920,1
mesa-sleep-0002_921,1
mesa-sleep-0002_922,1
mesa-sleep-0002_923,1
mesa-sleep-0002_924,1
mesa-sleep-0002_925,1
mesa-sleep-0002_926,1
mesa-sleep-0002_927,1
mesa-sleep-0002_928,1
mesa-sleep-0002_929,1
mesa-sleep-0002_930,3
mesa-sleep-0002_931,3
mesa-sleep-0002_932,3
mesa-sleep-0002_933,3
mesa-sleep-0002_934,3
mesa-sleep-0002_935,3
mesa-sleep-0002_936,3
mesa-sleep-0002_937,3
mesa-sleep-0002_938,3
mesa-sleep-0002_939,3
mesa-sleep-0002_940,3
mesa-sleep-0002_941,3
mesa-sleep-0002_942,3
mesa-sleep-0002_943,3
mesa-sleep-0002_944,3
mesa-sleep-0002_945,3
mesa-sleep-0002_946,3
mesa-sleep-0002_947,3
mesa-sleep-0002_948,3
mesa-sleep-0002_949,3
mesa-sleep-0002_950,3
mesa-sleep-0002_951,3
mesa-sleep-0002_952,3
mesa-sleep-0002_953,3
mesa-sleep-0002_954,3
mesa-sleep-0002_955,3
mesa-sleep-0002_956,3
mesa-sleep-0002_957,3
mesa-sleep-0002_958,3
mesa-sleep-0002_959,3
mesa-sleep-0002_960,3
mesa-sleep-0002_961,3
mesa-sleep-0002_962,3
mesa-sleep-0002_963,3
mesa-sleep-0002_964,3
mesa-sleep-0002_965,3
mesa-sleep-0002_966,3
mesa-sleep-0002_967,3
mesa-sleep-0002_968,3
mesa-sleep-0002_969,3
mesa-sleep-0002_970,3
mesa-sleep-0002_971,3
mesa-sleep-0002_972,3
mesa-sleep-0002_973,3
mesa-sleep-0002_974,3
mesa-sleep-0002_975,3
mesa-sleep-0002_976,3
mesa-sleep-0002_977,3
mesa-sleep-0002_978,3
mesa-sleep-0002_979,3
mesa-sleep-0002_980,3
mesa-sleep-0002_981,3
mesa-sleep-0002_982,3
mesa-sleep-0002_983,3
mesa-sleep-0002_984,3
mesa-sleep-0002_985,3
mesa-sleep-0002_986,3
mesa-sleep-0002_987,3
mesa-sleep-0002_988,3
mesa-sleep-0002_989,3
mesa-sleep-0002_990,3
mesa-sleep-0002_991,3
mesa-sleep-0002_992,3
mesa-sleep-0002_993,3
mesa-sleep-0002_994,3
mesa-sleep-0002_995,3
mesa-sleep-0002_996,3
mesa-sleep-0002_997,3
mesa-sleep-0002_998,3
mesa-sleep-0002_999,3
mesa-sleep-0002_1000,3
mesa-sleep-0002_1001,3
mesa-sleep-0002_1002,3
mesa-sleep-0002_1003,3
mesa-sleep-0002_1004,3
mesa-sleep-0002_1005,0
mesa-sleep-0002_1006,0
mesa-sleep-0002_1007,1
mesa-sleep-0002_1008,1
mesa-sleep-0002_1009,1
mesa-sleep-0002_1010,1
mesa-sleep-0002_1011,1
mesa-sleep-0002_1012,1
